{"cameraMode":{"drawMode":0,"name":"Shaded","section":"Shading Mode"},"sceneLighting":true,"audioPlay":false,"sceneViewState":{"m_AlwaysRefresh":false,"showFog":true,"showSkybox":true,"showFlares":true,"showImageEffects":true,"showParticleSystems":true,"showVisualEffectGraphs":true,"m_FxEnabled":true},"in2DMode":false,"pivot":{"x":-7.5242815017700199,"y":-1.2003417015075684,"z":5.005470275878906},"rotation":{"x":-0.09168017655611038,"y":0.0035822007339447738,"z":-0.00032981240656226873,"w":-0.9957823157310486},"size":7.459403991699219,"orthographic":false}